{
    "R\u00e9gression Logistique": {
        "CV F1 Score Mean": 0.3713698831268712,
        "Test F1 Score": 0.40853658536585363,
        "Test Recall": 0.6568627450980392,
        "Test ROC AUC": 0.7214222494553377,
        "Confusion Matrix": [
            [
                417,
                159
            ],
            [
                35,
                67
            ]
        ],
        "ROC_FPR": [
            0.0,
            0.005208333333333333,
            0.006944444444444444,
            0.015625,
            0.020833333333333332,
            0.04861111111111111,
            0.050347222222222224,
            0.06076388888888889,
            0.0625,
            0.06944444444444445,
            0.07465277777777778,
            0.08333333333333333,
            0.08854166666666667,
            0.10069444444444445,
            0.10416666666666667,
            0.11805555555555555,
            0.11979166666666667,
            0.1284722222222222,
            0.13020833333333334,
            0.140625,
            0.15104166666666666,
            0.17881944444444445,
            0.19270833333333334,
            0.2013888888888889,
            0.21006944444444445,
            0.2222222222222222,
            0.22569444444444445,
            0.2534722222222222,
            0.2586805555555556,
            0.2638888888888889,
            0.2760416666666667,
            0.3020833333333333,
            0.3090277777777778,
            0.34375,
            0.3489583333333333,
            0.375,
            0.390625,
            0.4375,
            0.4409722222222222,
            0.4809027777777778,
            0.4861111111111111,
            0.53125,
            0.5746527777777778,
            0.6302083333333334,
            0.6875,
            0.7013888888888888,
            0.7135416666666666,
            0.7482638888888888,
            0.765625,
            0.8541666666666666,
            0.8697916666666666,
            0.8836805555555556,
            0.921875,
            1.0
        ],
        "ROC_TPR": [
            0.0,
            0.0392156862745098,
            0.058823529411764705,
            0.06862745098039216,
            0.10784313725490197,
            0.11764705882352941,
            0.13725490196078433,
            0.16666666666666666,
            0.18627450980392157,
            0.19607843137254902,
            0.22549019607843138,
            0.23529411764705882,
            0.2549019607843137,
            0.2647058823529412,
            0.28431372549019607,
            0.29411764705882354,
            0.35294117647058826,
            0.3627450980392157,
            0.4019607843137255,
            0.4411764705882353,
            0.46078431372549017,
            0.47058823529411764,
            0.49019607843137253,
            0.5098039215686274,
            0.5588235294117647,
            0.5686274509803921,
            0.5882352941176471,
            0.5980392156862745,
            0.6274509803921569,
            0.6372549019607843,
            0.6568627450980392,
            0.6666666666666666,
            0.6862745098039216,
            0.696078431372549,
            0.7156862745098039,
            0.7254901960784313,
            0.7450980392156863,
            0.7549019607843137,
            0.7745098039215687,
            0.7843137254901961,
            0.803921568627451,
            0.8137254901960784,
            0.8431372549019608,
            0.8529411764705882,
            0.8725490196078431,
            0.8823529411764706,
            0.9019607843137255,
            0.9117647058823529,
            0.9313725490196079,
            0.9411764705882353,
            0.9607843137254902,
            0.9705882352941176,
            0.9901960784313726,
            1.0
        ],
        "Feature_Importances": {
            "age": 0.5025697659636201,
            "cigsPerDay": 0.2477144253081052,
            "totChol": 0.12958678325886663,
            "sysBP": 0.3095185358590891,
            "diaBP": 0.045218118436786435,
            "BMI": 0.003177094472356678,
            "heartRate": 0.05931167955636129,
            "glucose": 0.13889865137423724,
            "sex_M": 0.4226380462075123,
            "is_smoking_YES": 0.2231748673282842,
            "education": 0.008911757314184067,
            "BPMeds": 0.08353515246640399,
            "prevalentStroke": 0.5720290769669856,
            "prevalentHyp": 0.2224061410682117,
            "diabetes": 0.35092465788148536
        }
    },
    "Random Forest": {
        "CV F1 Score Mean": 0.21620751766186325,
        "Test F1 Score": 0.20689655172413793,
        "Test Recall": 0.14705882352941177,
        "Test ROC AUC": 0.6664964596949889,
        "Confusion Matrix": [
            [
                548,
                28
            ],
            [
                87,
                15
            ]
        ],
        "ROC_FPR": [
            0.0,
            0.006944444444444444,
            0.017361111111111112,
            0.024305555555555556,
            0.027777777777777776,
            0.034722222222222224,
            0.052083333333333336,
            0.06597222222222222,
            0.08159722222222222,
            0.08333333333333333,
            0.10416666666666667,
            0.1076388888888889,
            0.1232638888888889,
            0.125,
            0.14930555555555555,
            0.16319444444444445,
            0.16666666666666666,
            0.1684027777777778,
            0.18055555555555555,
            0.19444444444444445,
            0.22916666666666666,
            0.2465277777777778,
            0.25,
            0.2552083333333333,
            0.3003472222222222,
            0.3055555555555556,
            0.3142361111111111,
            0.3159722222222222,
            0.3263888888888889,
            0.3454861111111111,
            0.3541666666666667,
            0.3576388888888889,
            0.3628472222222222,
            0.3680555555555556,
            0.3993055555555556,
            0.4149305555555556,
            0.4201388888888889,
            0.4357638888888889,
            0.4583333333333333,
            0.4722222222222222,
            0.5086805555555556,
            0.5243055555555556,
            0.5295138888888888,
            0.5347222222222222,
            0.5555555555555556,
            0.5798611111111112,
            0.6111111111111112,
            0.6423611111111112,
            0.6631944444444444,
            0.71875,
            0.7552083333333334,
            0.7951388888888888,
            0.859375,
            0.8767361111111112,
            0.9166666666666666,
            0.9409722222222222,
            1.0
        ],